Логин: assessor296 |Id:296 |Количество корректно выполненных заданий:388 |Количество заданий: 419 |Процент выполнения : 92.60143198090692 
Логин: assessor545 |Id:545 |Количество корректно выполненных заданий:410 |Количество заданий: 443 |Процент выполнения : 92.55079006772009 
Логин: assessor184 |Id:184 |Количество корректно выполненных заданий:371 |Количество заданий: 401 |Процент выполнения : 92.51870324189527 
Логин: assessor63 |Id:63 |Количество корректно выполненных заданий:377 |Количество заданий: 408 |Процент выполнения : 92.40196078431373 
Логин: assessor329 |Id:329 |Количество корректно выполненных заданий:387 |Количество заданий: 419 |Процент выполнения : 92.36276849642005 
Логин: assessor191 |Id:191 |Количество корректно выполненных заданий:446 |Количество заданий: 483 |Процент выполнения : 92.33954451345755 
Логин: assessor450 |Id:450 |Количество корректно выполненных заданий:367 |Количество заданий: 398 |Процент выполнения : 92.21105527638191 
Логин: assessor528 |Id:528 |Количество корректно выполненных заданий:363 |Количество заданий: 394 |Процент выполнения : 92.13197969543148 
Логин: assessor151 |Id:151 |Количество корректно выполненных заданий:386 |Количество заданий: 419 |Процент выполнения : 92.12410501193318 
Логин: assessor596 |Id:596 |Количество корректно выполненных заданий:365 |Количество заданий: 397 |Процент выполнения : 91.93954659949623 
Логин: assessor153 |Id:153 |Количество корректно выполненных заданий:361 |Количество заданий: 393 |Процент выполнения : 91.85750636132316 
Логин: assessor270 |Id:270 |Количество корректно выполненных заданий:388 |Количество заданий: 423 |Процент выполнения : 91.725768321513 
Логин: assessor128 |Id:128 |Количество корректно выполненных заданий:351 |Количество заданий: 383 |Процент выполнения : 91.64490861618799 
Логин: assessor82 |Id:82 |Количество корректно выполненных заданий:368 |Количество заданий: 402 |Процент выполнения : 91.54228855721394 
Логин: assessor261 |Id:261 |Количество корректно выполненных заданий:355 |Количество заданий: 388 |Процент выполнения : 91.49484536082474 
Логин: assessor577 |Id:577 |Количество корректно выполненных заданий:386 |Количество заданий: 422 |Процент выполнения : 91.4691943127962 
Логин: assessor121 |Id:121 |Количество корректно выполненных заданий:373 |Количество заданий: 408 |Процент выполнения : 91.42156862745098 
Логин: assessor373 |Id:373 |Количество корректно выполненных заданий:394 |Количество заданий: 431 |Процент выполнения : 91.415313225058 
Логин: assessor448 |Id:448 |Количество корректно выполненных заданий:383 |Количество заданий: 419 |Процент выполнения : 91.40811455847255 
Логин: assessor380 |Id:380 |Количество корректно выполненных заданий:400 |Количество заданий: 438 |Процент выполнения : 91.32420091324201 
Логин: assessor483 |Id:483 |Количество корректно выполненных заданий:378 |Количество заданий: 414 |Процент выполнения : 91.30434782608695 
Логин: assessor171 |Id:171 |Количество корректно выполненных заданий:398 |Количество заданий: 436 |Процент выполнения : 91.28440366972477 
Логин: assessor259 |Id:259 |Количество корректно выполненных заданий:374 |Количество заданий: 410 |Процент выполнения : 91.21951219512195 
Логин: assessor212 |Id:212 |Количество корректно выполненных заданий:414 |Количество заданий: 454 |Процент выполнения : 91.18942731277532 
Логин: assessor318 |Id:318 |Количество корректно выполненных заданий:362 |Количество заданий: 397 |Процент выполнения : 91.183879093199 
Логин: assessor144 |Id:144 |Количество корректно выполненных заданий:381 |Количество заданий: 418 |Процент выполнения : 91.14832535885168 
Логин: assessor95 |Id:95 |Количество корректно выполненных заданий:389 |Количество заданий: 427 |Процент выполнения : 91.10070257611241 
Логин: assessor351 |Id:351 |Количество корректно выполненных заданий:409 |Количество заданий: 449 |Процент выполнения : 91.0913140311804 
Логин: assessor411 |Id:411 |Количество корректно выполненных заданий:398 |Количество заданий: 437 |Процент выполнения : 91.07551487414187 
Логин: assessor147 |Id:147 |Количество корректно выполненных заданий:376 |Количество заданий: 413 |Процент выполнения : 91.0411622276029 
Логин: assessor490 |Id:490 |Количество корректно выполненных заданий:375 |Количество заданий: 412 |Процент выполнения : 91.01941747572816 
Логин: assessor345 |Id:345 |Количество корректно выполненных заданий:374 |Количество заданий: 411 |Процент выполнения : 90.99756690997567 
Логин: assessor145 |Id:145 |Количество корректно выполненных заданий:341 |Количество заданий: 375 |Процент выполнения : 90.93333333333334 
Логин: assessor207 |Id:207 |Количество корректно выполненных заданий:411 |Количество заданий: 452 |Процент выполнения : 90.929203539823 
Логин: assessor315 |Id:315 |Количество корректно выполненных заданий:350 |Количество заданий: 385 |Процент выполнения : 90.9090909090909 
Логин: assessor436 |Id:436 |Количество корректно выполненных заданий:370 |Количество заданий: 407 |Процент выполнения : 90.9090909090909 
Логин: assessor162 |Id:162 |Количество корректно выполненных заданий:390 |Количество заданий: 429 |Процент выполнения : 90.9090909090909 
Логин: assessor413 |Id:413 |Количество корректно выполненных заданий:380 |Количество заданий: 418 |Процент выполнения : 90.9090909090909 
Логин: assessor375 |Id:375 |Количество корректно выполненных заданий:380 |Количество заданий: 418 |Процент выполнения : 90.9090909090909 
Логин: assessor462 |Id:462 |Количество корректно выполненных заданий:408 |Количество заданий: 449 |Процент выполнения : 90.8685968819599 
Логин: assessor126 |Id:126 |Количество корректно выполненных заданий:398 |Количество заданий: 438 |Процент выполнения : 90.8675799086758 
Логин: assessor435 |Id:435 |Количество корректно выполненных заданий:337 |Количество заданий: 371 |Процент выполнения : 90.83557951482479 
Логин: assessor166 |Id:166 |Количество корректно выполненных заданий:376 |Количество заданий: 414 |Процент выполнения : 90.82125603864735 
Логин: assessor551 |Id:551 |Количество корректно выполненных заданий:346 |Количество заданий: 381 |Процент выполнения : 90.81364829396325 
Логин: assessor361 |Id:361 |Количество корректно выполненных заданий:375 |Количество заданий: 413 |Процент выполнения : 90.79903147699758 
Логин: assessor233 |Id:233 |Количество корректно выполненных заданий:394 |Количество заданий: 434 |Процент выполнения : 90.78341013824884 
Логин: assessor599 |Id:599 |Количество корректно выполненных заданий:384 |Количество заданий: 423 |Процент выполнения : 90.78014184397163 
Логин: assessor374 |Id:374 |Количество корректно выполненных заданий:403 |Количество заданий: 444 |Процент выполнения : 90.76576576576578 
Логин: assessor97 |Id:97 |Количество корректно выполненных заданий:383 |Количество заданий: 422 |Процент выполнения : 90.75829383886256 
Логин: assessor172 |Id:172 |Количество корректно выполненных заданий:392 |Количество заданий: 432 |Процент выполнения : 90.74074074074075 
Логин: assessor443 |Id:443 |Количество корректно выполненных заданий:391 |Количество заданий: 431 |Процент выполнения : 90.71925754060325 
Логин: assessor285 |Id:285 |Количество корректно выполненных заданий:371 |Количество заданий: 409 |Процент выполнения : 90.70904645476773 
Логин: assessor217 |Id:217 |Количество корректно выполненных заданий:380 |Количество заданий: 419 |Процент выполнения : 90.69212410501193 
Логин: assessor272 |Id:272 |Количество корректно выполненных заданий:370 |Количество заданий: 408 |Процент выполнения : 90.68627450980392 
Логин: assessor487 |Id:487 |Количество корректно выполненных заданий:379 |Количество заданий: 418 |Процент выполнения : 90.66985645933015 
Логин: assessor358 |Id:358 |Количество корректно выполненных заданий:340 |Количество заданий: 375 |Процент выполнения : 90.66666666666666 
Логин: assessor213 |Id:213 |Количество корректно выполненных заданий:408 |Количество заданий: 450 |Процент выполнения : 90.66666666666666 
Логин: assessor494 |Id:494 |Количество корректно выполненных заданий:339 |Количество заданий: 374 |Процент выполнения : 90.64171122994652 
Логин: assessor325 |Id:325 |Количество корректно выполненных заданий:358 |Количество заданий: 395 |Процент выполнения : 90.63291139240506 
Логин: assessor591 |Id:591 |Количество корректно выполненных заданий:376 |Количество заданий: 415 |Процент выполнения : 90.60240963855422 
Логин: assessor326 |Id:326 |Количество корректно выполненных заданий:383 |Количество заданий: 423 |Процент выполнения : 90.54373522458629 
Логин: assessor240 |Id:240 |Количество корректно выполненных заданий:399 |Количество заданий: 441 |Процент выполнения : 90.47619047619048 
Логин: assessor203 |Id:203 |Количество корректно выполненных заданий:388 |Количество заданий: 429 |Процент выполнения : 90.44289044289044 
Логин: assessor420 |Id:420 |Количество корректно выполненных заданий:329 |Количество заданий: 364 |Процент выполнения : 90.38461538461539 
Логин: assessor104 |Id:104 |Количество корректно выполненных заданий:374 |Количество заданий: 414 |Процент выполнения : 90.33816425120773 
Логин: assessor458 |Id:458 |Количество корректно выполненных заданий:402 |Количество заданий: 445 |Процент выполнения : 90.3370786516854 
Логин: assessor522 |Id:522 |Количество корректно выполненных заданий:391 |Количество заданий: 433 |Процент выполнения : 90.30023094688222 
Логин: assessor561 |Id:561 |Количество корректно выполненных заданий:352 |Количество заданий: 390 |Процент выполнения : 90.25641025641026 
Логин: assessor570 |Id:570 |Количество корректно выполненных заданий:352 |Количество заданий: 390 |Процент выполнения : 90.25641025641026 
Логин: assessor282 |Id:282 |Количество корректно выполненных заданий:396 |Количество заданий: 439 |Процент выполнения : 90.20501138952164 
Логин: assessor91 |Id:91 |Количество корректно выполненных заданий:368 |Количество заданий: 408 |Процент выполнения : 90.19607843137256 
Логин: assessor161 |Id:161 |Количество корректно выполненных заданий:432 |Количество заданий: 479 |Процент выполнения : 90.18789144050105 
Логин: assessor516 |Id:516 |Количество корректно выполненных заданий:403 |Количество заданий: 447 |Процент выполнения : 90.1565995525727 
Логин: assessor382 |Id:382 |Количество корректно выполненных заданий:757 |Количество заданий: 840 |Процент выполнения : 90.11904761904762 
Логин: assessor565 |Id:565 |Количество корректно выполненных заданий:392 |Количество заданий: 435 |Процент выполнения : 90.11494252873563 
Логин: assessor202 |Id:202 |Количество корректно выполненных заданий:328 |Количество заданий: 364 |Процент выполнения : 90.10989010989012 
Логин: assessor506 |Id:506 |Количество корректно выполненных заданий:337 |Количество заданий: 374 |Процент выполнения : 90.10695187165776 
Логин: assessor122 |Id:122 |Количество корректно выполненных заданий:391 |Количество заданий: 434 |Процент выполнения : 90.09216589861751 
Логин: assessor237 |Id:237 |Количество корректно выполненных заданий:362 |Количество заданий: 402 |Процент выполнения : 90.04975124378109 
Логин: assessor137 |Id:137 |Количество корректно выполненных заданий:362 |Количество заданий: 402 |Процент выполнения : 90.04975124378109 
Логин: assessor515 |Id:515 |Количество корректно выполненных заданий:389 |Количество заданий: 432 |Процент выполнения : 90.04629629629629 
Логин: assessor271 |Id:271 |Количество корректно выполненных заданий:407 |Количество заданий: 452 |Процент выполнения : 90.04424778761062 
Логин: assessor547 |Id:547 |Количество корректно выполненных заданий:352 |Количество заданий: 391 |Процент выполнения : 90.02557544757033 
Логин: assessor150 |Id:150 |Количество корректно выполненных заданий:397 |Количество заданий: 441 |Процент выполнения : 90.02267573696146 
Логин: assessor404 |Id:404 |Количество корректно выполненных заданий:396 |Количество заданий: 440 |Процент выполнения : 90.0 
Логин: assessor304 |Id:304 |Количество корректно выполненных заданий:369 |Количество заданий: 410 |Процент выполнения : 90.0 
Логин: assessor64 |Id:64 |Количество корректно выполненных заданий:378 |Количество заданий: 420 |Процент выполнения : 90.0 
Логин: assessor269 |Id:269 |Количество корректно выполненных заданий:745 |Количество заданий: 828 |Процент выполнения : 89.97584541062803 
Логин: assessor438 |Id:438 |Количество корректно выполненных заданий:368 |Количество заданий: 409 |Процент выполнения : 89.97555012224939 
Логин: assessor357 |Id:357 |Количество корректно выполненных заданий:359 |Количество заданий: 399 |Процент выполнения : 89.97493734335839 
Логин: assessor553 |Id:553 |Количество корректно выполненных заданий:716 |Количество заданий: 796 |Процент выполнения : 89.9497487437186 
Логин: assessor513 |Id:513 |Количество корректно выполненных заданий:349 |Количество заданий: 388 |Процент выполнения : 89.94845360824742 
Логин: assessor301 |Id:301 |Количество корректно выполненных заданий:393 |Количество заданий: 437 |Процент выполнения : 89.93135011441647 
Логин: assessor475 |Id:475 |Количество корректно выполненных заданий:357 |Количество заданий: 397 |Процент выполнения : 89.92443324937027 
Логин: assessor368 |Id:368 |Количество корректно выполненных заданий:419 |Количество заданий: 466 |Процент выполнения : 89.91416309012875 
Логин: assessor464 |Id:464 |Количество корректно выполненных заданий:354 |Количество заданий: 394 |Процент выполнения : 89.84771573604061 
Логин: assessor309 |Id:309 |Количество корректно выполненных заданий:389 |Количество заданий: 433 |Процент выполнения : 89.83833718244803 
Логин: assessor139 |Id:139 |Количество корректно выполненных заданий:333 |Количество заданий: 371 |Процент выполнения : 89.75741239892183 
Логин: assessor117 |Id:117 |Количество корректно выполненных заданий:376 |Количество заданий: 419 |Процент выполнения : 89.73747016706443 
Логин: assessor365 |Id:365 |Количество корректно выполненных заданий:384 |Количество заданий: 428 |Процент выполнения : 89.7196261682243 
Логин: assessor320 |Id:320 |Количество корректно выполненных заданий:759 |Количество заданий: 846 |Процент выполнения : 89.71631205673759 
Логин: assessor89 |Id:89 |Количество корректно выполненных заданий:740 |Количество заданий: 825 |Процент выполнения : 89.6969696969697 
Логин: assessor560 |Id:560 |Количество корректно выполненных заданий:364 |Количество заданий: 406 |Процент выполнения : 89.65517241379311 
Логин: assessor204 |Id:204 |Количество корректно выполненных заданий:338 |Количество заданий: 377 |Процент выполнения : 89.65517241379311 
Логин: assessor284 |Id:284 |Количество корректно выполненных заданий:396 |Количество заданий: 442 |Процент выполнения : 89.59276018099548 
Логин: assessor132 |Id:132 |Количество корректно выполненных заданий:378 |Количество заданий: 422 |Процент выполнения : 89.57345971563981 
Логин: assessor549 |Id:549 |Количество корректно выполненных заданий:386 |Количество заданий: 431 |Процент выполнения : 89.55916473317865 
Логин: assessor424 |Id:424 |Количество корректно выполненных заданий:360 |Количество заданий: 402 |Процент выполнения : 89.55223880597015 
Логин: assessor543 |Id:543 |Количество корректно выполненных заданий:394 |Количество заданий: 440 |Процент выполнения : 89.54545454545455 
Логин: assessor75 |Id:75 |Количество корректно выполненных заданий:742 |Количество заданий: 829 |Процент выполнения : 89.50542822677924 
Логин: assessor342 |Id:342 |Количество корректно выполненных заданий:383 |Количество заданий: 428 |Процент выполнения : 89.48598130841121 
Логин: assessor597 |Id:597 |Количество корректно выполненных заданий:383 |Количество заданий: 428 |Процент выполнения : 89.48598130841121 
Логин: assessor534 |Id:534 |Количество корректно выполненных заданий:383 |Количество заданий: 428 |Процент выполнения : 89.48598130841121 
Логин: assessor72 |Id:72 |Количество корректно выполненных заданий:357 |Количество заданий: 399 |Процент выполнения : 89.47368421052632 
Логин: assessor508 |Id:508 |Количество корректно выполненных заданий:373 |Количество заданий: 417 |Процент выполнения : 89.44844124700239 
Логин: assessor199 |Id:199 |Количество корректно выполненных заданий:397 |Количество заданий: 444 |Процент выполнения : 89.41441441441441 
Логин: assessor441 |Id:441 |Количество корректно выполненных заданий:329 |Количество заданий: 368 |Процент выполнения : 89.40217391304348 
Логин: assessor548 |Id:548 |Количество корректно выполненных заданий:394 |Количество заданий: 441 |Процент выполнения : 89.34240362811792 
Логин: assessor262 |Id:262 |Количество корректно выполненных заданий:377 |Количество заданий: 422 |Процент выполнения : 89.33649289099526 
Логин: assessor229 |Id:229 |Количество корректно выполненных заданий:368 |Количество заданий: 412 |Процент выполнения : 89.32038834951457 
Логин: assessor492 |Id:492 |Количество корректно выполненных заданий:363 |Количество заданий: 407 |Процент выполнения : 89.1891891891892 
Логин: assessor579 |Id:579 |Количество корректно выполненных заданий:379 |Количество заданий: 425 |Процент выполнения : 89.17647058823529 
Логин: assessor530 |Id:530 |Количество корректно выполненных заданий:370 |Количество заданий: 415 |Процент выполнения : 89.1566265060241 
Логин: assessor256 |Id:256 |Количество корректно выполненных заданий:361 |Количество заданий: 405 |Процент выполнения : 89.13580246913581 
Логин: assessor386 |Id:386 |Количество корректно выполненных заданий:377 |Количество заданий: 423 |Процент выполнения : 89.12529550827422 
Логин: assessor449 |Id:449 |Количество корректно выполненных заданий:376 |Количество заданий: 422 |Процент выполнения : 89.0995260663507 
Логин: assessor127 |Id:127 |Количество корректно выполненных заданий:376 |Количество заданий: 422 |Процент выполнения : 89.0995260663507 
Логин: assessor254 |Id:254 |Количество корректно выполненных заданий:335 |Количество заданий: 376 |Процент выполнения : 89.09574468085107 
Логин: assessor206 |Id:206 |Количество корректно выполненных заданий:342 |Количество заданий: 384 |Процент выполнения : 89.0625 
Логин: assessor377 |Id:377 |Количество корректно выполненных заданий:372 |Количество заданий: 418 |Процент выполнения : 88.99521531100478 
Логин: assessor331 |Id:331 |Количество корректно выполненных заданий:355 |Количество заданий: 399 |Процент выполнения : 88.97243107769424 
Логин: assessor99 |Id:99 |Количество корректно выполненных заданий:386 |Количество заданий: 434 |Процент выполнения : 88.94009216589862 
Логин: assessor387 |Id:387 |Количество корректно выполненных заданий:384 |Количество заданий: 432 |Процент выполнения : 88.88888888888889 
Логин: assessor245 |Id:245 |Количество корректно выполненных заданий:368 |Количество заданий: 414 |Процент выполнения : 88.88888888888889 
Логин: assessor337 |Id:337 |Количество корректно выполненных заданий:368 |Количество заданий: 414 |Процент выполнения : 88.88888888888889 
Логин: assessor133 |Id:133 |Количество корректно выполненных заданий:388 |Количество заданий: 437 |Процент выполнения : 88.78718535469108 
Логин: assessor567 |Id:567 |Количество корректно выполненных заданий:348 |Количество заданий: 392 |Процент выполнения : 88.77551020408163 
Логин: assessor186 |Id:186 |Количество корректно выполненных заданий:378 |Количество заданий: 426 |Процент выполнения : 88.73239436619718 
Логин: assessor540 |Id:540 |Количество корректно выполненных заданий:346 |Количество заданий: 390 |Процент выполнения : 88.71794871794872 
Логин: assessor255 |Id:255 |Количество корректно выполненных заданий:322 |Количество заданий: 363 |Процент выполнения : 88.70523415977961 
Логин: assessor397 |Id:397 |Количество корректно выполненных заданий:369 |Количество заданий: 416 |Процент выполнения : 88.70192307692307 
Логин: assessor243 |Id:243 |Количество корректно выполненных заданий:384 |Количество заданий: 433 |Процент выполнения : 88.68360277136259 
Логин: assessor120 |Id:120 |Количество корректно выполненных заданий:367 |Количество заданий: 414 |Процент выполнения : 88.64734299516908 
Логин: assessor372 |Id:372 |Количество корректно выполненных заданий:367 |Количество заданий: 414 |Процент выполнения : 88.64734299516908 
Логин: assessor244 |Id:244 |Количество корректно выполненных заданий:366 |Количество заданий: 413 |Процент выполнения : 88.61985472154964 
Логин: assessor426 |Id:426 |Количество корректно выполненных заданий:379 |Количество заданий: 428 |Процент выполнения : 88.55140186915888 
Логин: assessor328 |Id:328 |Количество корректно выполненных заданий:377 |Количество заданий: 426 |Процент выполнения : 88.49765258215963 
Логин: assessor230 |Id:230 |Количество корректно выполненных заданий:392 |Количество заданий: 443 |Процент выполнения : 88.48758465011286 
Логин: assessor572 |Id:572 |Количество корректно выполненных заданий:353 |Количество заданий: 399 |Процент выполнения : 88.47117794486216 
Логин: assessor179 |Id:179 |Количество корректно выполненных заданий:367 |Количество заданий: 415 |Процент выполнения : 88.43373493975903 
Логин: assessor360 |Id:360 |Количество корректно выполненных заданий:359 |Количество заданий: 406 |Процент выполнения : 88.42364532019704 
Логин: assessor98 |Id:98 |Количество корректно выполненных заданий:397 |Количество заданий: 449 |Процент выполнения : 88.41870824053451 
Логин: assessor319 |Id:319 |Количество корректно выполненных заданий:351 |Количество заданий: 397 |Процент выполнения : 88.41309823677582 
Логин: assessor502 |Id:502 |Количество корректно выполненных заданий:730 |Количество заданий: 826 |Процент выполнения : 88.37772397094432 
Логин: assessor182 |Id:182 |Количество корректно выполненных заданий:365 |Количество заданий: 413 |Процент выполнения : 88.37772397094432 
Логин: assessor568 |Id:568 |Количество корректно выполненных заданий:380 |Количество заданий: 430 |Процент выполнения : 88.37209302325581 
Логин: assessor391 |Id:391 |Количество корректно выполненных заданий:380 |Количество заданий: 430 |Процент выполнения : 88.37209302325581 
Логин: assessor555 |Id:555 |Количество корректно выполненных заданий:372 |Количество заданий: 421 |Процент выполнения : 88.36104513064133 
Логин: assessor481 |Id:481 |Количество корректно выполненных заданий:347 |Количество заданий: 393 |Процент выполнения : 88.29516539440203 
Логин: assessor544 |Id:544 |Количество корректно выполненных заданий:354 |Количество заданий: 401 |Процент выполнения : 88.2793017456359 
Логин: assessor520 |Id:520 |Количество корректно выполненных заданий:376 |Количество заданий: 426 |Процент выполнения : 88.26291079812206 
Логин: assessor216 |Id:216 |Количество корректно выполненных заданий:367 |Количество заданий: 416 |Процент выполнения : 88.22115384615384 
Логин: assessor414 |Id:414 |Количество корректно выполненных заданий:359 |Количество заданий: 407 |Процент выполнения : 88.20638820638821 
Логин: assessor125 |Id:125 |Количество корректно выполненных заданий:372 |Количество заданий: 422 |Процент выполнения : 88.15165876777252 
Логин: assessor156 |Id:156 |Количество корректно выполненных заданий:401 |Количество заданий: 455 |Процент выполнения : 88.13186813186813 
Логин: assessor433 |Id:433 |Количество корректно выполненных заданий:356 |Количество заданий: 404 |Процент выполнения : 88.11881188118812 
Логин: assessor594 |Id:594 |Количество корректно выполненных заданий:702 |Количество заданий: 797 |Процент выполнения : 88.08030112923463 
Логин: assessor505 |Id:505 |Количество корректно выполненных заданий:405 |Количество заданий: 460 |Процент выполнения : 88.04347826086956 
Логин: assessor465 |Id:465 |Количество корректно выполненных заданий:352 |Количество заданий: 400 |Процент выполнения : 88.0 
Логин: assessor416 |Id:416 |Количество корректно выполненных заданий:387 |Количество заданий: 440 |Процент выполнения : 87.95454545454545 
Логин: assessor302 |Id:302 |Количество корректно выполненных заданий:383 |Количество заданий: 436 |Процент выполнения : 87.8440366972477 
Логин: assessor101 |Id:101 |Количество корректно выполненных заданий:353 |Количество заданий: 402 |Процент выполнения : 87.81094527363184 
Логин: assessor249 |Id:249 |Количество корректно выполненных заданий:324 |Количество заданий: 369 |Процент выполнения : 87.8048780487805 
Логин: assessor310 |Id:310 |Количество корректно выполненных заданий:359 |Количество заданий: 409 |Процент выполнения : 87.77506112469437 
Логин: assessor306 |Id:306 |Количество корректно выполненных заданий:390 |Количество заданий: 445 |Процент выполнения : 87.64044943820225 
Логин: assessor348 |Id:348 |Количество корректно выполненных заданий:735 |Количество заданий: 839 |Процент выполнения : 87.60429082240762 
Логин: assessor83 |Id:83 |Количество корректно выполненных заданий:337 |Количество заданий: 385 |Процент выполнения : 87.53246753246754 
Логин: assessor578 |Id:578 |Количество корректно выполненных заданий:1125 |Количество заданий: 1286 |Процент выполнения : 87.48055987558321 
Логин: assessor175 |Id:175 |Количество корректно выполненных заданий:384 |Количество заданий: 439 |Процент выполнения : 87.47152619589977 
Логин: assessor278 |Id:278 |Количество корректно выполненных заданий:375 |Количество заданий: 429 |Процент выполнения : 87.41258741258741 
Логин: assessor484 |Id:484 |Количество корректно выполненных заданий:326 |Количество заданий: 373 |Процент выполнения : 87.39946380697052 
Логин: assessor160 |Id:160 |Количество корректно выполненных заданий:359 |Количество заданий: 411 |Процент выполнения : 87.34793187347933 
Логин: assessor405 |Id:405 |Количество корректно выполненных заданий:335 |Количество заданий: 384 |Процент выполнения : 87.23958333333334 
Логин: assessor37 |Id:37 |Количество корректно выполненных заданий:354 |Количество заданий: 406 |Процент выполнения : 87.192118226601 
Логин: assessor198 |Id:198 |Количество корректно выполненных заданий:374 |Количество заданий: 429 |Процент выполнения : 87.17948717948718 
Логин: assessor267 |Id:267 |Количество корректно выполненных заданий:342 |Количество заданий: 393 |Процент выполнения : 87.02290076335878 
Логин: assessor176 |Id:176 |Количество корректно выполненных заданий:728 |Количество заданий: 837 |Процент выполнения : 86.97729988052568 
Логин: assessor501 |Id:501 |Количество корректно выполненных заданий:347 |Количество заданий: 399 |Процент выполнения : 86.96741854636592 
Логин: assessor123 |Id:123 |Количество корректно выполненных заданий:731 |Количество заданий: 841 |Процент выполнения : 86.92033293697978 
Логин: assessor62 |Id:62 |Количество корректно выполненных заданий:371 |Количество заданий: 427 |Процент выполнения : 86.88524590163934 
Логин: assessor316 |Id:316 |Количество корректно выполненных заданий:733 |Количество заданий: 844 |Процент выполнения : 86.84834123222748 
Логин: assessor507 |Id:507 |Количество корректно выполненных заданий:368 |Количество заданий: 424 |Процент выполнения : 86.79245283018868 
Логин: assessor471 |Id:471 |Количество корректно выполненных заданий:367 |Количество заданий: 423 |Процент выполнения : 86.7612293144208 
Логин: assessor518 |Id:518 |Количество корректно выполненных заданий:705 |Количество заданий: 813 |Процент выполнения : 86.71586715867159 
Логин: assessor491 |Id:491 |Количество корректно выполненных заданий:726 |Количество заданий: 838 |Процент выполнения : 86.63484486873509 
Логин: assessor364 |Id:364 |Количество корректно выполненных заданий:348 |Количество заданий: 402 |Процент выполнения : 86.56716417910447 
Логин: assessor409 |Id:409 |Количество корректно выполненных заданий:713 |Количество заданий: 824 |Процент выполнения : 86.52912621359224 
Логин: assessor406 |Id:406 |Количество корректно выполненных заданий:385 |Количество заданий: 446 |Процент выполнения : 86.32286995515696 
Логин: assessor356 |Id:356 |Количество корректно выполненных заданий:359 |Количество заданий: 416 |Процент выполнения : 86.29807692307693 
Логин: assessor439 |Id:439 |Количество корректно выполненных заданий:746 |Количество заданий: 865 |Процент выполнения : 86.24277456647398 
Логин: assessor479 |Id:479 |Количество корректно выполненных заданий:718 |Количество заданий: 833 |Процент выполнения : 86.19447779111644 
Логин: assessor190 |Id:190 |Количество корректно выполненных заданий:353 |Количество заданий: 410 |Процент выполнения : 86.09756097560975 
Логин: assessor242 |Id:242 |Количество корректно выполненных заданий:345 |Количество заданий: 401 |Процент выполнения : 86.0349127182045 
Логин: assessor287 |Id:287 |Количество корректно выполненных заданий:726 |Количество заданий: 844 |Процент выполнения : 86.01895734597157 
Логин: assessor353 |Id:353 |Количество корректно выполненных заданий:734 |Количество заданий: 854 |Процент выполнения : 85.94847775175644 
Логин: assessor363 |Id:363 |Количество корректно выполненных заданий:738 |Количество заданий: 859 |Процент выполнения : 85.9138533178114 
Логин: assessor489 |Id:489 |Количество корректно выполненных заданий:384 |Количество заданий: 447 |Процент выполнения : 85.90604026845638 
Логин: assessor292 |Id:292 |Количество корректно выполненных заданий:349 |Количество заданий: 407 |Процент выполнения : 85.74938574938575 
Логин: assessor369 |Id:369 |Количество корректно выполненных заданий:355 |Количество заданий: 414 |Процент выполнения : 85.74879227053141 
Логин: assessor279 |Id:279 |Количество корректно выполненных заданий:376 |Количество заданий: 439 |Процент выполнения : 85.6492027334852 
Логин: assessor454 |Id:454 |Количество корректно выполненных заданий:334 |Количество заданий: 390 |Процент выполнения : 85.64102564102564 
Логин: assessor428 |Id:428 |Количество корректно выполненных заданий:691 |Количество заданий: 807 |Процент выполнения : 85.62577447335812 
Логин: assessor440 |Id:440 |Количество корректно выполненных заданий:345 |Количество заданий: 403 |Процент выполнения : 85.60794044665012 
Логин: assessor370 |Id:370 |Количество корректно выполненных заданий:379 |Количество заданий: 443 |Процент выполнения : 85.55304740406321 
Логин: assessor334 |Id:334 |Количество корректно выполненных заданий:361 |Количество заданий: 422 |Процент выполнения : 85.54502369668246 
Логин: assessor224 |Id:224 |Количество корректно выполненных заданий:374 |Количество заданий: 438 |Процент выполнения : 85.38812785388129 
Логин: assessor146 |Id:146 |Количество корректно выполненных заданий:349 |Количество заданий: 409 |Процент выполнения : 85.33007334963325 
Логин: assessor378 |Id:378 |Количество корректно выполненных заданий:371 |Количество заданий: 435 |Процент выполнения : 85.28735632183908 
Логин: assessor158 |Id:158 |Количество корректно выполненных заданий:1041 |Количество заданий: 1222 |Процент выполнения : 85.18821603927988 
Логин: assessor595 |Id:595 |Количество корректно выполненных заданий:377 |Количество заданий: 443 |Процент выполнения : 85.10158013544017 
Логин: assessor152 |Id:152 |Количество корректно выполненных заданий:390 |Количество заданий: 459 |Процент выполнения : 84.9673202614379 
Логин: assessor324 |Id:324 |Количество корректно выполненных заданий:350 |Количество заданий: 412 |Процент выполнения : 84.9514563106796 
Логин: assessor486 |Id:486 |Количество корректно выполненных заданий:327 |Количество заданий: 385 |Процент выполнения : 84.93506493506493 
Логин: assessor480 |Id:480 |Количество корректно выполненных заданий:355 |Количество заданий: 418 |Процент выполнения : 84.92822966507177 
Логин: assessor437 |Id:437 |Количество корректно выполненных заданий:349 |Количество заданий: 411 |Процент выполнения : 84.91484184914842 
Логин: assessor90 |Id:90 |Количество корректно выполненных заданий:337 |Количество заданий: 397 |Процент выполнения : 84.88664987405542 
Логин: assessor461 |Id:461 |Количество корректно выполненных заданий:348 |Количество заданий: 410 |Процент выполнения : 84.8780487804878 
Логин: assessor168 |Id:168 |Количество корректно выполненных заданий:364 |Количество заданий: 429 |Процент выполнения : 84.84848484848484 
Логин: assessor587 |Id:587 |Количество корректно выполненных заданий:347 |Количество заданий: 409 |Процент выполнения : 84.84107579462102 
Логин: assessor288 |Id:288 |Количество корректно выполненных заданий:334 |Количество заданий: 394 |Процент выполнения : 84.77157360406092 
Логин: assessor80 |Id:80 |Количество корректно выполненных заданий:350 |Количество заданий: 413 |Процент выполнения : 84.7457627118644 
Логин: assessor593 |Id:593 |Количество корректно выполненных заданий:377 |Количество заданий: 445 |Процент выполнения : 84.71910112359551 
Логин: assessor455 |Id:455 |Количество корректно выполненных заданий:359 |Количество заданий: 424 |Процент выполнения : 84.66981132075472 
Логин: assessor177 |Id:177 |Количество корректно выполненных заданий:336 |Количество заданий: 397 |Процент выполнения : 84.63476070528966 
Логин: assessor210 |Id:210 |Количество корректно выполненных заданий:374 |Количество заданий: 442 |Процент выполнения : 84.61538461538461 
Логин: assessor291 |Id:291 |Количество корректно выполненных заданий:338 |Количество заданий: 400 |Процент выполнения : 84.5 
Логин: assessor529 |Id:529 |Количество корректно выполненных заданий:338 |Количество заданий: 400 |Процент выполнения : 84.5 
Логин: assessor347 |Id:347 |Количество корректно выполненных заданий:338 |Количество заданий: 400 |Процент выполнения : 84.5 
Логин: assessor260 |Id:260 |Количество корректно выполненных заданий:354 |Количество заданий: 419 |Процент выполнения : 84.48687350835323 
Логин: assessor280 |Id:280 |Количество корректно выполненных заданий:348 |Количество заданий: 412 |Процент выполнения : 84.46601941747572 
Логин: assessor322 |Id:322 |Количество корректно выполненных заданий:364 |Количество заданий: 431 |Процент выполнения : 84.45475638051045 
Логин: assessor70 |Id:70 |Количество корректно выполненных заданий:347 |Количество заданий: 411 |Процент выполнения : 84.42822384428223 
Логин: assessor108 |Id:108 |Количество корректно выполненных заданий:363 |Количество заданий: 430 |Процент выполнения : 84.41860465116278 
Логин: assessor159 |Id:159 |Количество корректно выполненных заданий:357 |Количество заданий: 423 |Процент выполнения : 84.39716312056737 
Логин: assessor559 |Id:559 |Количество корректно выполненных заданий:373 |Количество заданий: 442 |Процент выполнения : 84.38914027149322 
Логин: assessor195 |Id:195 |Количество корректно выполненных заданий:356 |Количество заданий: 422 |Процент выполнения : 84.36018957345972 
Логин: assessor178 |Id:178 |Количество корректно выполненных заданий:345 |Количество заданий: 409 |Процент выполнения : 84.3520782396088 
Логин: assessor225 |Id:225 |Количество корректно выполненных заданий:334 |Количество заданий: 396 |Процент выполнения : 84.34343434343434 
Логин: assessor164 |Id:164 |Количество корректно выполненных заданий:355 |Количество заданий: 421 |Процент выполнения : 84.32304038004752 
Логин: assessor295 |Id:295 |Количество корректно выполненных заданий:698 |Количество заданий: 828 |Процент выполнения : 84.29951690821255 
Логин: assessor453 |Id:453 |Количество корректно выполненных заданий:696 |Количество заданий: 827 |Процент выполнения : 84.1596130592503 
Логин: assessor385 |Id:385 |Количество корректно выполненных заданий:345 |Количество заданий: 410 |Процент выполнения : 84.14634146341463 
Логин: assessor167 |Id:167 |Количество корректно выполненных заданий:727 |Количество заданий: 864 |Процент выполнения : 84.14351851851852 
Логин: assessor527 |Id:527 |Количество корректно выполненных заданий:334 |Количество заданий: 397 |Процент выполнения : 84.1309823677582 
Логин: assessor538 |Id:538 |Количество корректно выполненных заданий:337 |Количество заданий: 401 |Процент выполнения : 84.03990024937656 
Логин: assessor0 |Id:0 |Количество корректно выполненных заданий:336 |Количество заданий: 400 |Процент выполнения : 84.0 
Логин: assessor402 |Id:402 |Количество корректно выполненных заданий:325 |Количество заданий: 387 |Процент выполнения : 83.97932816537468 
Логин: assessor173 |Id:173 |Количество корректно выполненных заданий:345 |Количество заданий: 411 |Процент выполнения : 83.94160583941606 
Логин: assessor107 |Id:107 |Количество корректно выполненных заданий:350 |Количество заданий: 417 |Процент выполнения : 83.93285371702638 
Логин: assessor129 |Id:129 |Количество корректно выполненных заданий:369 |Количество заданий: 440 |Процент выполнения : 83.86363636363636 
Логин: assessor241 |Id:241 |Количество корректно выполненных заданий:322 |Количество заданий: 384 |Процент выполнения : 83.85416666666666 
Логин: assessor266 |Id:266 |Количество корректно выполненных заданий:384 |Количество заданий: 458 |Процент выполнения : 83.84279475982532 
Логин: assessor427 |Id:427 |Количество корректно выполненных заданий:342 |Количество заданий: 408 |Процент выполнения : 83.82352941176471 
Логин: assessor333 |Id:333 |Количество корректно выполненных заданий:378 |Количество заданий: 451 |Процент выполнения : 83.81374722838137 
Логин: assessor208 |Id:208 |Количество корректно выполненных заданий:336 |Количество заданий: 401 |Процент выполнения : 83.79052369077307 
Логин: assessor573 |Id:573 |Количество корректно выполненных заданий:372 |Количество заданий: 444 |Процент выполнения : 83.78378378378379 
Логин: assessor417 |Id:417 |Количество корректно выполненных заданий:335 |Количество заданий: 400 |Процент выполнения : 83.75 
Логин: assessor556 |Id:556 |Количество корректно выполненных заданий:345 |Количество заданий: 412 |Процент выполнения : 83.7378640776699 
Логин: assessor582 |Id:582 |Количество корректно выполненных заданий:355 |Количество заданий: 424 |Процент выполнения : 83.72641509433963 
Логин: assessor457 |Id:457 |Количество корректно выполненных заданий:323 |Количество заданий: 386 |Процент выполнения : 83.67875647668393 
Логин: assessor84 |Id:84 |Количество корректно выполненных заданий:364 |Количество заданий: 435 |Процент выполнения : 83.67816091954023 
Логин: assessor352 |Id:352 |Количество корректно выполненных заданий:338 |Количество заданий: 404 |Процент выполнения : 83.66336633663366 
Логин: assessor149 |Id:149 |Количество корректно выполненных заданий:670 |Количество заданий: 801 |Процент выполнения : 83.645443196005 
Логин: assessor205 |Id:205 |Количество корректно выполненных заданий:378 |Количество заданий: 452 |Процент выполнения : 83.6283185840708 
Логин: assessor314 |Id:314 |Количество корректно выполненных заданий:367 |Количество заданий: 439 |Процент выполнения : 83.5990888382688 
Логин: assessor323 |Id:323 |Количество корректно выполненных заданий:367 |Количество заданий: 439 |Процент выполнения : 83.5990888382688 
Логин: assessor590 |Id:590 |Количество корректно выполненных заданий:371 |Количество заданий: 444 |Процент выполнения : 83.55855855855856 
Логин: assessor517 |Id:517 |Количество корректно выполненных заданий:376 |Количество заданий: 450 |Процент выполнения : 83.55555555555556 
Логин: assessor187 |Id:187 |Количество корректно выполненных заданий:660 |Количество заданий: 790 |Процент выполнения : 83.54430379746836 
Логин: assessor312 |Id:312 |Количество корректно выполненных заданий:335 |Количество заданий: 401 |Процент выполнения : 83.54114713216958 
Логин: assessor188 |Id:188 |Количество корректно выполненных заданий:335 |Количество заданий: 401 |Процент выполнения : 83.54114713216958 
Логин: assessor472 |Id:472 |Количество корректно выполненных заданий:340 |Количество заданий: 407 |Процент выполнения : 83.53808353808354 
Логин: assessor61 |Id:61 |Количество корректно выполненных заданий:720 |Количество заданий: 862 |Процент выполнения : 83.52668213457076 
Логин: assessor539 |Id:539 |Количество корректно выполненных заданий:359 |Количество заданий: 430 |Процент выполнения : 83.48837209302326 
Логин: assessor236 |Id:236 |Количество корректно выполненных заданий:389 |Количество заданий: 466 |Процент выполнения : 83.47639484978541 
Логин: assessor211 |Id:211 |Количество корректно выполненных заданий:348 |Количество заданий: 417 |Процент выполнения : 83.45323741007195 
Логин: assessor77 |Id:77 |Количество корректно выполненных заданий:358 |Количество заданий: 429 |Процент выполнения : 83.44988344988346 
Логин: assessor410 |Id:410 |Количество корректно выполненных заданий:347 |Количество заданий: 416 |Процент выполнения : 83.41346153846155 
Логин: assessor193 |Id:193 |Количество корректно выполненных заданий:362 |Количество заданий: 434 |Процент выполнения : 83.41013824884793 
Логин: assessor571 |Id:571 |Количество корректно выполненных заданий:349 |Количество заданий: 419 |Процент выполнения : 83.29355608591885 
Логин: assessor69 |Id:69 |Количество корректно выполненных заданий:343 |Количество заданий: 412 |Процент выполнения : 83.25242718446601 
Логин: assessor78 |Id:78 |Количество корректно выполненных заданий:328 |Количество заданий: 394 |Процент выполнения : 83.24873096446701 
Логин: assessor574 |Id:574 |Количество корректно выполненных заданий:377 |Количество заданий: 453 |Процент выполнения : 83.22295805739515 
Логин: assessor533 |Id:533 |Количество корректно выполненных заданий:377 |Количество заданий: 453 |Процент выполнения : 83.22295805739515 
Логин: assessor60 |Id:60 |Количество корректно выполненных заданий:361 |Количество заданий: 434 |Процент выполнения : 83.17972350230414 
Логин: assessor231 |Id:231 |Количество корректно выполненных заданий:350 |Количество заданий: 421 |Процент выполнения : 83.1353919239905 
Логин: assessor307 |Id:307 |Количество корректно выполненных заданий:364 |Количество заданий: 438 |Процент выполнения : 83.10502283105022 
Логин: assessor293 |Id:293 |Количество корректно выполненных заданий:354 |Количество заданий: 426 |Процент выполнения : 83.09859154929578 
Логин: assessor537 |Id:537 |Количество корректно выполненных заданий:344 |Количество заданий: 414 |Процент выполнения : 83.09178743961353 
Логин: assessor482 |Id:482 |Количество корректно выполненных заданий:357 |Количество заданий: 430 |Процент выполнения : 83.02325581395348 
Логин: assessor592 |Id:592 |Количество корректно выполненных заданий:366 |Количество заданий: 441 |Процент выполнения : 82.99319727891157 
Логин: assessor557 |Id:557 |Количество корректно выполненных заданий:351 |Количество заданий: 423 |Процент выполнения : 82.97872340425532 
Логин: assessor143 |Id:143 |Количество корректно выполненных заданий:326 |Количество заданий: 393 |Процент выполнения : 82.95165394402035 
Логин: assessor336 |Id:336 |Количество корректно выполненных заданий:326 |Количество заданий: 393 |Процент выполнения : 82.95165394402035 
Логин: assessor444 |Id:444 |Количество корректно выполненных заданий:680 |Количество заданий: 820 |Процент выполнения : 82.92682926829268 
Логин: assessor247 |Id:247 |Количество корректно выполненных заданий:330 |Количество заданий: 398 |Процент выполнения : 82.91457286432161 
Логин: assessor163 |Id:163 |Количество корректно выполненных заданий:330 |Количество заданий: 398 |Процент выполнения : 82.91457286432161 
Логин: assessor499 |Id:499 |Количество корректно выполненных заданий:377 |Количество заданий: 455 |Процент выполнения : 82.85714285714286 
Логин: assessor523 |Id:523 |Количество корректно выполненных заданий:367 |Количество заданий: 443 |Процент выполнения : 82.84424379232506 
Логин: assessor589 |Id:589 |Количество корректно выполненных заданий:367 |Количество заданий: 443 |Процент выполнения : 82.84424379232506 
Логин: assessor466 |Id:466 |Количество корректно выполненных заданий:333 |Количество заданий: 402 |Процент выполнения : 82.83582089552239 
Логин: assessor130 |Id:130 |Количество корректно выполненных заданий:328 |Количество заданий: 396 |Процент выполнения : 82.82828282828282 
Логин: assessor253 |Id:253 |Количество корректно выполненных заданий:347 |Количество заданий: 419 |Процент выполнения : 82.81622911694511 
Логин: assessor584 |Id:584 |Количество корректно выполненных заданий:713 |Количество заданий: 861 |Процент выполнения : 82.81068524970964 
Логин: assessor275 |Id:275 |Количество корректно выполненных заданий:364 |Количество заданий: 440 |Процент выполнения : 82.72727272727273 
Логин: assessor447 |Id:447 |Количество корректно выполненных заданий:344 |Количество заданий: 416 |Процент выполнения : 82.6923076923077 
Логин: assessor251 |Id:251 |Количество корректно выполненных заданий:673 |Количество заданий: 814 |Процент выполнения : 82.67813267813267 
Логин: assessor116 |Id:116 |Количество корректно выполненных заданий:348 |Количество заданий: 421 |Процент выполнения : 82.6603325415677 
Логин: assessor339 |Id:339 |Количество корректно выполненных заданий:362 |Количество заданий: 438 |Процент выполнения : 82.64840182648402 
Логин: assessor478 |Id:478 |Количество корректно выполненных заданий:338 |Количество заданий: 409 |Процент выполнения : 82.64058679706602 
Логин: assessor415 |Id:415 |Количество корректно выполненных заданий:340 |Количество заданий: 412 |Процент выполнения : 82.52427184466019 
Логин: assessor536 |Id:536 |Количество корректно выполненных заданий:373 |Количество заданий: 452 |Процент выполнения : 82.52212389380531 
Логин: assessor468 |Id:468 |Количество корректно выполненных заданий:335 |Количество заданий: 406 |Процент выполнения : 82.51231527093597 
Логин: assessor227 |Id:227 |Количество корректно выполненных заданий:349 |Количество заданий: 423 |Процент выполнения : 82.50591016548464 
Логин: assessor362 |Id:362 |Количество корректно выполненных заданий:353 |Количество заданий: 428 |Процент выполнения : 82.4766355140187 
Логин: assessor343 |Id:343 |Количество корректно выполненных заданий:343 |Количество заданий: 416 |Процент выполнения : 82.45192307692307 
Логин: assessor283 |Id:283 |Количество корректно выполненных заданий:371 |Количество заданий: 450 |Процент выполнения : 82.44444444444444 
Логин: assessor124 |Id:124 |Количество корректно выполненных заданий:314 |Количество заданий: 381 |Процент выполнения : 82.41469816272966 
Логин: assessor74 |Id:74 |Количество корректно выполненных заданий:337 |Количество заданий: 409 |Процент выполнения : 82.3960880195599 
Логин: assessor134 |Id:134 |Количество корректно выполненных заданий:332 |Количество заданий: 403 |Процент выполнения : 82.38213399503722 
Логин: assessor350 |Id:350 |Количество корректно выполненных заданий:368 |Количество заданий: 447 |Процент выполнения : 82.32662192393735 
Логин: assessor542 |Id:542 |Количество корректно выполненных заданий:340 |Количество заданий: 413 |Процент выполнения : 82.32445520581115 
Логин: assessor431 |Id:431 |Количество корректно выполненных заданий:335 |Количество заданий: 407 |Процент выполнения : 82.30958230958231 
Логин: assessor524 |Id:524 |Количество корректно выполненных заданий:692 |Количество заданий: 841 |Процент выполнения : 82.28299643281808 
Логин: assessor421 |Id:421 |Количество корректно выполненных заданий:334 |Количество заданий: 406 |Процент выполнения : 82.26600985221675 
Логин: assessor554 |Id:554 |Количество корректно выполненных заданий:337 |Количество заданий: 410 |Процент выполнения : 82.1951219512195 
Логин: assessor583 |Id:583 |Количество корректно выполненных заданий:355 |Количество заданий: 432 |Процент выполнения : 82.17592592592592 
Логин: assessor327 |Id:327 |Количество корректно выполненных заданий:336 |Количество заданий: 409 |Процент выполнения : 82.15158924205379 
Логин: assessor115 |Id:115 |Количество корректно выполненных заданий:354 |Количество заданий: 431 |Процент выполнения : 82.13457076566125 
Логин: assessor110 |Id:110 |Количество корректно выполненных заданий:317 |Количество заданий: 386 |Процент выполнения : 82.12435233160622 
Логин: assessor311 |Id:311 |Количество корректно выполненных заданий:330 |Количество заданий: 402 |Процент выполнения : 82.08955223880598 
Логин: assessor473 |Id:473 |Количество корректно выполненных заданий:325 |Количество заданий: 396 |Процент выполнения : 82.07070707070707 
Логин: assessor268 |Id:268 |Количество корректно выполненных заданий:334 |Количество заданий: 407 |Процент выполнения : 82.06388206388206 
Логин: assessor566 |Id:566 |Количество корректно выполненных заданий:329 |Количество заданий: 401 |Процент выполнения : 82.04488778054862 
Логин: assessor218 |Id:218 |Количество корректно выполненных заданий:338 |Количество заданий: 412 |Процент выполнения : 82.03883495145631 
Логин: assessor138 |Id:138 |Количество корректно выполненных заданий:306 |Количество заданий: 373 |Процент выполнения : 82.03753351206434 
Логин: assessor68 |Id:68 |Количество корректно выполненных заданий:315 |Количество заданий: 384 |Процент выполнения : 82.03125 
Логин: assessor76 |Id:76 |Количество корректно выполненных заданий:324 |Количество заданий: 395 |Процент выполнения : 82.02531645569621 
Логин: assessor488 |Id:488 |Количество корректно выполненных заданий:1026 |Количество заданий: 1251 |Процент выполнения : 82.01438848920863 
Логин: assessor330 |Id:330 |Количество корректно выполненных заданий:319 |Количество заданий: 389 |Процент выполнения : 82.0051413881748 
Логин: assessor265 |Id:265 |Количество корректно выполненных заданий:337 |Количество заданий: 411 |Процент выполнения : 81.99513381995133 
Логин: assessor106 |Id:106 |Количество корректно выполненных заданий:341 |Количество заданий: 416 |Процент выполнения : 81.97115384615384 
Логин: assessor407 |Id:407 |Количество корректно выполненных заданий:354 |Количество заданий: 432 |Процент выполнения : 81.94444444444444 
Логин: assessor514 |Id:514 |Количество корректно выполненных заданий:326 |Количество заданий: 398 |Процент выполнения : 81.90954773869346 
Логин: assessor401 |Id:401 |Количество корректно выполненных заданий:344 |Количество заданий: 420 |Процент выполнения : 81.9047619047619 
Логин: assessor535 |Id:535 |Количество корректно выполненных заданий:371 |Количество заданий: 453 |Процент выполнения : 81.89845474613686 
Логин: assessor226 |Id:226 |Количество корректно выполненных заданий:357 |Количество заданий: 436 |Процент выполнения : 81.88073394495413 
Логин: assessor459 |Id:459 |Количество корректно выполненных заданий:357 |Количество заданий: 436 |Процент выполнения : 81.88073394495413 
Логин: assessor286 |Id:286 |Количество корректно выполненных заданий:357 |Количество заданий: 436 |Процент выполнения : 81.88073394495413 
Логин: assessor73 |Id:73 |Количество корректно выполненных заданий:355 |Количество заданий: 434 |Процент выполнения : 81.79723502304147 
Логин: assessor289 |Id:289 |Количество корректно выполненных заданий:368 |Количество заданий: 450 |Процент выполнения : 81.77777777777779 
Логин: assessor525 |Id:525 |Количество корректно выполненных заданий:323 |Количество заданий: 395 |Процент выполнения : 81.77215189873418 
Логин: assessor297 |Id:297 |Количество корректно выполненных заданий:363 |Количество заданий: 444 |Процент выполнения : 81.75675675675676 
Логин: assessor552 |Id:552 |Количество корректно выполненных заданий:345 |Количество заданий: 422 |Процент выполнения : 81.75355450236967 
Логин: assessor274 |Id:274 |Количество корректно выполненных заданий:358 |Количество заданий: 438 |Процент выполнения : 81.7351598173516 
Логин: assessor562 |Id:562 |Количество корректно выполненных заданий:322 |Количество заданий: 394 |Процент выполнения : 81.7258883248731 
Логин: assessor541 |Id:541 |Количество корректно выполненных заданий:362 |Количество заданий: 443 |Процент выполнения : 81.7155756207675 
Логин: assessor389 |Id:389 |Количество корректно выполненных заданий:353 |Количество заданий: 432 |Процент выполнения : 81.71296296296296 
Логин: assessor423 |Id:423 |Количество корректно выполненных заданий:344 |Количество заданий: 421 |Процент выполнения : 81.71021377672209 
Логин: assessor546 |Id:546 |Количество корректно выполненных заданий:696 |Количество заданий: 852 |Процент выполнения : 81.69014084507043 
Логин: assessor257 |Id:257 |Количество корректно выполненных заданий:369 |Количество заданий: 452 |Процент выполнения : 81.63716814159292 
Логин: assessor142 |Id:142 |Количество корректно выполненных заданий:355 |Количество заданий: 435 |Процент выполнения : 81.60919540229885 
Логин: assessor192 |Id:192 |Количество корректно выполненных заданий:670 |Количество заданий: 821 |Процент выполнения : 81.60779537149817 
Логин: assessor181 |Id:181 |Количество корректно выполненных заданий:315 |Количество заданий: 386 |Процент выполнения : 81.60621761658031 
Логин: assessor252 |Id:252 |Количество корректно выполненных заданий:346 |Количество заданий: 424 |Процент выполнения : 81.60377358490565 
Логин: assessor519 |Id:519 |Количество корректно выполненных заданий:346 |Количество заданий: 424 |Процент выполнения : 81.60377358490565 
Логин: assessor338 |Id:338 |Количество корректно выполненных заданий:359 |Количество заданий: 440 |Процент выполнения : 81.5909090909091 
Логин: assessor498 |Id:498 |Количество корректно выполненных заданий:354 |Количество заданий: 434 |Процент выполнения : 81.5668202764977 
Логин: assessor165 |Id:165 |Количество корректно выполненных заданий:380 |Количество заданий: 466 |Процент выполнения : 81.54506437768241 
Логин: assessor273 |Id:273 |Количество корректно выполненных заданий:698 |Количество заданий: 856 |Процент выполнения : 81.54205607476635 
Логин: assessor196 |Id:196 |Количество корректно выполненных заданий:322 |Количество заданий: 395 |Процент выполнения : 81.51898734177216 
Логин: assessor93 |Id:93 |Количество корректно выполненных заданий:322 |Количество заданий: 395 |Процент выполнения : 81.51898734177216 
Логин: assessor477 |Id:477 |Количество корректно выполненных заданий:348 |Количество заданий: 427 |Процент выполнения : 81.49882903981265 
Логин: assessor349 |Id:349 |Количество корректно выполненных заданий:374 |Количество заданий: 459 |Процент выполнения : 81.48148148148148 
Логин: assessor340 |Id:340 |Количество корректно выполненных заданий:352 |Количество заданий: 432 |Процент выполнения : 81.48148148148148 
Логин: assessor114 |Id:114 |Количество корректно выполненных заданий:664 |Количество заданий: 815 |Процент выполнения : 81.47239263803681 
Логин: assessor509 |Id:509 |Количество корректно выполненных заданий:338 |Количество заданий: 415 |Процент выполнения : 81.44578313253012 
Логин: assessor569 |Id:569 |Количество корректно выполненных заданий:316 |Количество заданий: 388 |Процент выполнения : 81.44329896907216 
Логин: assessor445 |Id:445 |Количество корректно выполненных заданий:329 |Количество заданий: 404 |Процент выполнения : 81.43564356435643 
Логин: assessor113 |Id:113 |Количество корректно выполненных заданий:346 |Количество заданий: 425 |Процент выполнения : 81.41176470588235 
Логин: assessor81 |Id:81 |Количество корректно выполненных заданий:337 |Количество заданий: 414 |Процент выполнения : 81.40096618357488 
Логин: assessor281 |Id:281 |Количество корректно выполненных заданий:315 |Количество заданий: 387 |Процент выполнения : 81.3953488372093 
Логин: assessor558 |Id:558 |Количество корректно выполненных заданий:328 |Количество заданий: 403 |Процент выполнения : 81.38957816377172 
Логин: assessor467 |Id:467 |Количество корректно выполненных заданий:341 |Количество заданий: 419 |Процент выполнения : 81.38424821002387 
Логин: assessor576 |Id:576 |Количество корректно выполненных заданий:319 |Количество заданий: 392 |Процент выполнения : 81.37755102040816 
Логин: assessor564 |Id:564 |Количество корректно выполненных заданий:332 |Количество заданий: 408 |Процент выполнения : 81.37254901960785 
Логин: assessor586 |Id:586 |Количество корректно выполненных заданий:345 |Количество заданий: 424 |Процент выполнения : 81.36792452830188 
Логин: assessor214 |Id:214 |Количество корректно выполненных заданий:362 |Количество заданий: 445 |Процент выполнения : 81.34831460674158 
Логин: assessor33 |Id:33 |Количество корректно выполненных заданий:343 |Количество заданий: 422 |Процент выполнения : 81.27962085308057 
Логин: assessor403 |Id:403 |Количество корректно выполненных заданий:342 |Количество заданий: 421 |Процент выполнения : 81.23515439429929 
Логин: assessor344 |Id:344 |Количество корректно выполненных заданий:350 |Количество заданий: 431 |Процент выполнения : 81.20649651972158 
Логин: assessor581 |Id:581 |Количество корректно выполненных заданий:337 |Количество заданий: 415 |Процент выполнения : 81.20481927710843 
Логин: assessor239 |Id:239 |Количество корректно выполненных заданий:311 |Количество заданий: 383 |Процент выполнения : 81.20104438642298 
Логин: assessor456 |Id:456 |Количество корректно выполненных заданий:332 |Количество заданий: 409 |Процент выполнения : 81.17359413202934 
Логин: assessor238 |Id:238 |Количество корректно выполненных заданий:991 |Количество заданий: 1221 |Процент выполнения : 81.16298116298117 
Логин: assessor521 |Id:521 |Количество корректно выполненных заданий:336 |Количество заданий: 414 |Процент выполнения : 81.15942028985508 
Логин: assessor263 |Id:263 |Количество корректно выполненных заданий:357 |Количество заданий: 440 |Процент выполнения : 81.13636363636364 
Логин: assessor299 |Id:299 |Количество корректно выполненных заданий:348 |Количество заданий: 429 |Процент выполнения : 81.11888111888112 
Логин: assessor85 |Id:85 |Количество корректно выполненных заданий:356 |Количество заданий: 439 |Процент выполнения : 81.09339407744875 
Логин: assessor341 |Id:341 |Количество корректно выполненных заданий:377 |Количество заданий: 465 |Процент выполнения : 81.0752688172043 
Логин: assessor220 |Id:220 |Количество корректно выполненных заданий:321 |Количество заданий: 396 |Процент выполнения : 81.06060606060606 
Логин: assessor246 |Id:246 |Количество корректно выполненных заданий:676 |Количество заданий: 834 |Процент выполнения : 81.05515587529976 
Логин: assessor88 |Id:88 |Количество корректно выполненных заданий:325 |Количество заданий: 401 |Процент выполнения : 81.04738154613467 
Логин: assessor250 |Id:250 |Количество корректно выполненных заданий:325 |Количество заданий: 401 |Процент выполнения : 81.04738154613467 
Логин: assessor321 |Id:321 |Количество корректно выполненных заданий:337 |Количество заданий: 416 |Процент выполнения : 81.00961538461539 
Логин: assessor384 |Id:384 |Количество корректно выполненных заданий:358 |Количество заданий: 442 |Процент выполнения : 80.99547511312217 
Логин: assessor258 |Id:258 |Количество корректно выполненных заданий:328 |Количество заданий: 405 |Процент выполнения : 80.98765432098766 
Логин: assessor511 |Id:511 |Количество корректно выполненных заданий:357 |Количество заданий: 441 |Процент выполнения : 80.95238095238095 
Логин: assessor86 |Id:86 |Количество корректно выполненных заданий:331 |Количество заданий: 409 |Процент выполнения : 80.92909535452323 
Логин: assessor419 |Id:419 |Количество корректно выполненных заданий:639 |Количество заданий: 790 |Процент выполнения : 80.88607594936708 
Логин: assessor346 |Id:346 |Количество корректно выполненных заданий:347 |Количество заданий: 429 |Процент выполнения : 80.88578088578089 
Логин: assessor112 |Id:112 |Количество корректно выполненных заданий:363 |Количество заданий: 449 |Процент выполнения : 80.84632516703786 
Логин: assessor392 |Id:392 |Количество корректно выполненных заданий:325 |Количество заданий: 402 |Процент выполнения : 80.84577114427861 
Логин: assessor463 |Id:463 |Количество корректно выполненных заданий:329 |Количество заданий: 407 |Процент выполнения : 80.83538083538083 
Логин: assessor500 |Id:500 |Количество корректно выполненных заданий:350 |Количество заданий: 433 |Процент выполнения : 80.83140877598153 
Логин: assessor376 |Id:376 |Количество корректно выполненных заданий:333 |Количество заданий: 412 |Процент выполнения : 80.8252427184466 
Логин: assessor141 |Id:141 |Количество корректно выполненных заданий:358 |Количество заданий: 443 |Процент выполнения : 80.81264108352144 
Логин: assessor102 |Id:102 |Количество корректно выполненных заданий:707 |Количество заданий: 875 |Процент выполнения : 80.80000000000001 
Логин: assessor531 |Id:531 |Количество корректно выполненных заданий:332 |Количество заданий: 411 |Процент выполнения : 80.7785888077859 
Логин: assessor446 |Id:446 |Количество корректно выполненных заданий:332 |Количество заданий: 411 |Процент выполнения : 80.7785888077859 
Логин: assessor66 |Id:66 |Количество корректно выполненных заданий:336 |Количество заданий: 416 |Процент выполнения : 80.76923076923077 
Логин: assessor277 |Id:277 |Количество корректно выполненных заданий:306 |Количество заданий: 379 |Процент выполнения : 80.73878627968337 
Логин: assessor313 |Id:313 |Количество корректно выполненных заданий:339 |Количество заданий: 420 |Процент выполнения : 80.71428571428572 
Логин: assessor512 |Id:512 |Количество корректно выполненных заданий:364 |Количество заданий: 451 |Процент выполнения : 80.70953436807096 
Логин: assessor222 |Id:222 |Количество корректно выполненных заданий:694 |Количество заданий: 860 |Процент выполнения : 80.69767441860465 
Логин: assessor298 |Id:298 |Количество корректно выполненных заданий:351 |Количество заданий: 435 |Процент выполнения : 80.6896551724138 
Логин: assessor185 |Id:185 |Количество корректно выполненных заданий:334 |Количество заданий: 414 |Процент выполнения : 80.67632850241546 
Логин: assessor96 |Id:96 |Количество корректно выполненных заданий:363 |Количество заданий: 450 |Процент выполнения : 80.66666666666666 
Логин: assessor232 |Id:232 |Количество корректно выполненных заданий:325 |Количество заданий: 403 |Процент выполнения : 80.64516129032258 
Логин: assessor381 |Id:381 |Количество корректно выполненных заданий:325 |Количество заданий: 403 |Процент выполнения : 80.64516129032258 
Логин: assessor394 |Id:394 |Количество корректно выполненных заданий:333 |Количество заданий: 413 |Процент выполнения : 80.62953995157385 
Логин: assessor399 |Id:399 |Количество корректно выполненных заданий:349 |Количество заданий: 433 |Процент выполнения : 80.60046189376443 
Логин: assessor510 |Id:510 |Количество корректно выполненных заданий:347 |Количество заданий: 431 |Процент выполнения : 80.51044083526682 
Логин: assessor105 |Id:105 |Количество корректно выполненных заданий:326 |Количество заданий: 405 |Процент выполнения : 80.49382716049382 
Логин: assessor395 |Id:395 |Количество корректно выполненных заданий:330 |Количество заданий: 410 |Процент выполнения : 80.48780487804879 
Логин: assessor183 |Id:183 |Количество корректно выполненных заданий:333 |Количество заданий: 414 |Процент выполнения : 80.43478260869566 
Логин: assessor332 |Id:332 |Количество корректно выполненных заданий:316 |Количество заданий: 393 |Процент выполнения : 80.40712468193384 
Логин: assessor135 |Id:135 |Количество корректно выполненных заданий:332 |Количество заданий: 413 |Процент выполнения : 80.38740920096852 
Логин: assessor422 |Id:422 |Количество корректно выполненных заданий:348 |Количество заданий: 433 |Процент выполнения : 80.36951501154735 
Логин: assessor442 |Id:442 |Количество корректно выполненных заданий:327 |Количество заданий: 407 |Процент выполнения : 80.34398034398035 
Логин: assessor355 |Id:355 |Количество корректно выполненных заданий:339 |Количество заданий: 422 |Процент выполнения : 80.33175355450237 
Логин: assessor308 |Id:308 |Количество корректно выполненных заданий:351 |Количество заданий: 437 |Процент выполнения : 80.32036613272311 
Логин: assessor100 |Id:100 |Количество корректно выполненных заданий:334 |Количество заданий: 416 |Процент выполнения : 80.28846153846155 
Логин: assessor408 |Id:408 |Количество корректно выполненных заданий:354 |Количество заданий: 441 |Процент выполнения : 80.27210884353741 
Логин: assessor169 |Id:169 |Количество корректно выполненных заданий:329 |Количество заданий: 410 |Процент выполнения : 80.2439024390244 
Логин: assessor469 |Id:469 |Количество корректно выполненных заданий:329 |Количество заданий: 410 |Процент выполнения : 80.2439024390244 
Логин: assessor588 |Id:588 |Количество корректно выполненных заданий:365 |Количество заданий: 455 |Процент выполнения : 80.21978021978022 
Логин: assessor476 |Id:476 |Количество корректно выполненных заданий:300 |Количество заданий: 374 |Процент выполнения : 80.21390374331551 
Логин: assessor194 |Id:194 |Количество корректно выполненных заданий:340 |Количество заданий: 424 |Процент выполнения : 80.18867924528303 
Логин: assessor209 |Id:209 |Количество корректно выполненных заданий:307 |Количество заданий: 383 |Процент выполнения : 80.15665796344648 
Логин: assessor119 |Id:119 |Количество корректно выполненных заданий:343 |Количество заданий: 428 |Процент выполнения : 80.14018691588785 
Логин: assessor131 |Id:131 |Количество корректно выполненных заданий:347 |Количество заданий: 433 |Процент выполнения : 80.13856812933025 
Логин: assessor248 |Id:248 |Количество корректно выполненных заданий:351 |Количество заданий: 438 |Процент выполнения : 80.13698630136986 
Логин: assessor215 |Id:215 |Количество корректно выполненных заданий:633 |Количество заданий: 790 |Процент выполнения : 80.12658227848102 
Логин: assessor189 |Id:189 |Количество корректно выполненных заданий:294 |Количество заданий: 367 |Процент выполнения : 80.10899182561307 
Логин: assessor425 |Id:425 |Количество корректно выполненных заданий:334 |Количество заданий: 417 |Процент выполнения : 80.0959232613909 
Логин: assessor359 |Id:359 |Количество корректно выполненных заданий:350 |Количество заданий: 437 |Процент выполнения : 80.09153318077803 
Логин: assessor303 |Id:303 |Количество корректно выполненных заданий:297 |Количество заданий: 371 |Процент выполнения : 80.05390835579514 
Логин: assessor223 |Id:223 |Количество корректно выполненных заданий:341 |Количество заданий: 426 |Процент выполнения : 80.04694835680752 
Логин: assessor429 |Id:429 |Количество корректно выполненных заданий:332 |Количество заданий: 415 |Процент выполнения : 80.0 
Логин: assessor294 |Id:294 |Количество корректно выполненных заданий:328 |Количество заданий: 410 |Процент выполнения : 80.0 
Логин: assessor87 |Id:87 |Количество корректно выполненных заданий:331 |Количество заданий: 414 |Процент выполнения : 79.95169082125604 
Логин: assessor200 |Id:200 |Количество корректно выполненных заданий:685 |Количество заданий: 857 |Процент выполнения : 79.92998833138857 
Логин: assessor317 |Id:317 |Количество корректно выполненных заданий:318 |Количество заданий: 398 |Процент выполнения : 79.89949748743719 
Логин: assessor393 |Id:393 |Количество корректно выполненных заданий:314 |Количество заданий: 393 |Процент выполнения : 79.89821882951654 
Логин: assessor67 |Id:67 |Количество корректно выполненных заданий:306 |Количество заданий: 383 |Процент выполнения : 79.89556135770235 
Логин: assessor396 |Id:396 |Количество корректно выполненных заданий:647 |Количество заданий: 810 |Процент выполнения : 79.87654320987654 
Логин: assessor111 |Id:111 |Количество корректно выполненных заданий:317 |Количество заданий: 397 |Процент выполнения : 79.84886649874056 
Логин: assessor497 |Id:497 |Количество корректно выполненных заданий:344 |Количество заданий: 431 |Процент выполнения : 79.81438515081206 
Логин: assessor305 |Id:305 |Количество корректно выполненных заданий:324 |Количество заданий: 406 |Процент выполнения : 79.80295566502463 
Логин: assessor155 |Id:155 |Количество корректно выполненных заданий:342 |Количество заданий: 429 |Процент выполнения : 79.72027972027972 
Логин: assessor228 |Id:228 |Количество корректно выполненных заданий:337 |Количество заданий: 423 |Процент выполнения : 79.66903073286052 
Логин: assessor174 |Id:174 |Количество корректно выполненных заданий:348 |Количество заданий: 437 |Процент выполнения : 79.63386727688787 
Логин: assessor580 |Id:580 |Количество корректно выполненных заданий:316 |Количество заданий: 397 |Процент выполнения : 79.59697732997482 
Логин: assessor148 |Id:148 |Количество корректно выполненных заданий:362 |Количество заданий: 455 |Процент выполнения : 79.56043956043956 
Логин: assessor388 |Id:388 |Количество корректно выполненных заданий:323 |Количество заданий: 406 |Процент выполнения : 79.55665024630541 
Логин: assessor496 |Id:496 |Количество корректно выполненных заданий:338 |Количество заданий: 425 |Процент выполнения : 79.52941176470588 
Логин: assessor103 |Id:103 |Количество корректно выполненных заданий:357 |Количество заданий: 449 |Процент выполнения : 79.51002227171492 
Логин: assessor470 |Id:470 |Количество корректно выполненных заданий:329 |Количество заданий: 414 |Процент выполнения : 79.46859903381642 
Логин: assessor504 |Id:504 |Количество корректно выполненных заданий:317 |Количество заданий: 399 |Процент выполнения : 79.4486215538847 
Логин: assessor290 |Id:290 |Количество корректно выполненных заданий:334 |Количество заданий: 421 |Процент выполнения : 79.33491686460808 
Логин: assessor367 |Id:367 |Количество корректно выполненных заданий:326 |Количество заданий: 411 |Процент выполнения : 79.31873479318735 
Логин: assessor79 |Id:79 |Количество корректно выполненных заданий:336 |Количество заданий: 424 |Процент выполнения : 79.24528301886792 
Логин: assessor503 |Id:503 |Количество корректно выполненных заданий:313 |Количество заданий: 395 |Процент выполнения : 79.24050632911393 
Логин: assessor485 |Id:485 |Количество корректно выполненных заданий:309 |Количество заданий: 390 |Процент выполнения : 79.23076923076923 
Логин: assessor383 |Id:383 |Количество корректно выполненных заданий:358 |Количество заданий: 452 |Процент выполнения : 79.20353982300885 
Логин: assessor452 |Id:452 |Количество корректно выполненных заданий:315 |Количество заданий: 398 |Процент выполнения : 79.14572864321609 
Логин: assessor276 |Id:276 |Количество корректно выполненных заданий:315 |Количество заданий: 398 |Процент выполнения : 79.14572864321609 
Логин: assessor201 |Id:201 |Количество корректно выполненных заданий:360 |Количество заданий: 455 |Процент выполнения : 79.12087912087912 
Логин: assessor430 |Id:430 |Количество корректно выполненных заданий:317 |Количество заданий: 401 |Процент выполнения : 79.05236907730672 
Логин: assessor474 |Id:474 |Количество корректно выполненных заданий:313 |Количество заданий: 396 |Процент выполнения : 79.04040404040404 
Логин: assessor526 |Id:526 |Количество корректно выполненных заданий:312 |Количество заданий: 395 |Процент выполнения : 78.9873417721519 
Логин: assessor65 |Id:65 |Количество корректно выполненных заданий:319 |Количество заданий: 404 |Процент выполнения : 78.96039603960396 
Логин: assessor434 |Id:434 |Количество корректно выполненных заданий:300 |Количество заданий: 380 |Процент выполнения : 78.94736842105263 
Логин: assessor493 |Id:493 |Количество корректно выполненных заданий:321 |Количество заданий: 407 |Процент выполнения : 78.86977886977887 
Логин: assessor418 |Id:418 |Количество корректно выполненных заданий:322 |Количество заданий: 409 |Процент выполнения : 78.72860635696821 
Логин: assessor94 |Id:94 |Количество корректно выполненных заданий:292 |Количество заданий: 371 |Процент выполнения : 78.70619946091644 
Логин: assessor432 |Id:432 |Количество корректно выполненных заданий:321 |Количество заданий: 408 |Процент выполнения : 78.67647058823529 
Логин: assessor379 |Id:379 |Количество корректно выполненных заданий:348 |Количество заданий: 443 |Процент выполнения : 78.55530474040631 
Логин: assessor264 |Id:264 |Количество корректно выполненных заданий:335 |Количество заданий: 427 |Процент выполнения : 78.4543325526932 
Логин: assessor495 |Id:495 |Количество корректно выполненных заданий:337 |Количество заданий: 430 |Процент выполнения : 78.37209302325581 
Логин: assessor460 |Id:460 |Количество корректно выполненных заданий:644 |Количество заданий: 822 |Процент выполнения : 78.34549878345499 
Логин: assessor585 |Id:585 |Количество корректно выполненных заданий:311 |Количество заданий: 397 |Процент выполнения : 78.33753148614609 
Логин: assessor400 |Id:400 |Количество корректно выполненных заданий:321 |Количество заданий: 410 |Процент выполнения : 78.29268292682927 
Логин: assessor532 |Id:532 |Количество корректно выполненных заданий:663 |Количество заданий: 847 |Процент выполнения : 78.27626918536009 
Логин: assessor109 |Id:109 |Количество корректно выполненных заданий:320 |Количество заданий: 409 |Процент выполнения : 78.239608801956 
Логин: assessor197 |Id:197 |Количество корректно выполненных заданий:326 |Количество заданий: 417 |Процент выполнения : 78.17745803357315 
Логин: assessor398 |Id:398 |Количество корректно выполненных заданий:308 |Количество заданий: 394 |Процент выполнения : 78.1725888324873 
Логин: assessor157 |Id:157 |Количество корректно выполненных заданий:335 |Количество заданий: 429 |Процент выполнения : 78.08857808857809 
Логин: assessor451 |Id:451 |Количество корректно выполненных заданий:313 |Количество заданий: 401 |Процент выполнения : 78.05486284289277 
Логин: assessor170 |Id:170 |Количество корректно выполненных заданий:311 |Количество заданий: 400 |Процент выполнения : 77.75 
Логин: assessor136 |Id:136 |Количество корректно выполненных заданий:639 |Количество заданий: 822 |Процент выполнения : 77.73722627737226 
Логин: assessor140 |Id:140 |Количество корректно выполненных заданий:373 |Количество заданий: 480 |Процент выполнения : 77.70833333333333 
Логин: assessor598 |Id:598 |Количество корректно выполненных заданий:324 |Количество заданий: 417 |Процент выполнения : 77.6978417266187 
Логин: assessor371 |Id:371 |Количество корректно выполненных заданий:317 |Количество заданий: 408 |Процент выполнения : 77.69607843137256 
Логин: assessor235 |Id:235 |Количество корректно выполненных заданий:336 |Количество заданий: 434 |Процент выполнения : 77.41935483870968 
Логин: assessor366 |Id:366 |Количество корректно выполненных заданий:318 |Количество заданий: 412 |Процент выполнения : 77.18446601941747 
Логин: assessor575 |Id:575 |Количество корректно выполненных заданий:321 |Количество заданий: 416 |Процент выполнения : 77.16346153846155 
Логин: assessor180 |Id:180 |Количество корректно выполненных заданий:310 |Количество заданий: 403 |Процент выполнения : 76.92307692307693 
Логин: assessor354 |Id:354 |Количество корректно выполненных заданий:327 |Количество заданий: 426 |Процент выполнения : 76.76056338028168 
Логин: assessor412 |Id:412 |Количество корректно выполненных заданий:307 |Количество заданий: 401 |Процент выполнения : 76.55860349127181 
Логин: assessor92 |Id:92 |Количество корректно выполненных заданий:319 |Количество заданий: 417 |Процент выполнения : 76.49880095923261 
Логин: assessor219 |Id:219 |Количество корректно выполненных заданий:300 |Количество заданий: 393 |Процент выполнения : 76.33587786259542 
Логин: assessor221 |Id:221 |Количество корректно выполненных заданий:304 |Количество заданий: 399 |Процент выполнения : 76.19047619047619 
Логин: assessor71 |Id:71 |Количество корректно выполненных заданий:328 |Количество заданий: 432 |Процент выполнения : 75.92592592592592 
Логин: assessor154 |Id:154 |Количество корректно выполненных заданий:306 |Количество заданий: 404 |Процент выполнения : 75.74257425742574 
Логин: assessor335 |Id:335 |Количество корректно выполненных заданий:311 |Количество заданий: 418 |Процент выполнения : 74.4019138755981 
Логин: assessor9 |Id:9 |Количество корректно выполненных заданий:313 |Количество заданий: 422 |Процент выполнения : 74.17061611374407 
Логин: assessor550 |Id:550 |Количество корректно выполненных заданий:93 |Количество заданий: 127 |Процент выполнения : 73.22834645669292 
Логин: assessor300 |Id:300 |Количество корректно выполненных заданий:886 |Количество заданий: 1269 |Процент выполнения : 69.81875492513791 
Логин: assessor563 |Id:563 |Количество корректно выполненных заданий:509 |Количество заданий: 823 |Процент выполнения : 61.84690157958688 
Логин: assessor234 |Id:234 |Количество корректно выполненных заданий:48 |Количество заданий: 98 |Процент выполнения : 48.97959183673469 
Логин: assessor390 |Id:390 |Количество корректно выполненных заданий:198 |Количество заданий: 411 |Процент выполнения : 48.175182481751825 
Логин: assessor118 |Id:118 |Количество корректно выполненных заданий:186 |Количество заданий: 390 |Процент выполнения : 47.69230769230769 
